{"madrl": {"J1": {"rewards": [-7.833333333333333, -10.166666666666666, -6.833333333333333, -1.6666666666666667, -2.0, -0.0, -0.0, -0.0, -0.0], "queues": [6, 7, 4, 3, 1, 0, 0, 0, 0], "waits": [41.0, 54.0, 37.0, 7.0, 11.0, 0.0, 0.0, 0.0, 0.0]}, "J2": {"rewards": [-11.166666666666666, -15.5, -48.166666666666664, -206.16666666666666, -24.666666666666668, -0.8333333333333334, -0.3333333333333333, -0.0, -0.0], "queues": [7, 13, 23, 22, 15, 2, 1, 0, 0], "waits": [60.0, 80.0, 266.0, 1215.0, 133.0, 3.0, 1.0, 0.0, 0.0]}, "J5": {"rewards": [-8.25, -19.0, -22.5, -1.75, -8.75, -0.0, -0.0, -0.0, -0.0], "queues": [3, 7, 11, 1, 3, 0, 0, 0, 0], "waits": [30.0, 69.0, 79.0, 6.0, 32.0, 0.0, 0.0, 0.0, 0.0]}, "J7": {"rewards": [-7.75, -28.25, -25.5, -10.0, -6.0, -0.0, -0.0, -0.0, -0.0], "queues": [4, 11, 12, 7, 2, 0, 0, 0, 0], "waits": [27.0, 102.0, 90.0, 33.0, 22.0, 0.0, 0.0, 0.0, 0.0]}}, "fixed_time": {"J1": {"rewards": [-9.450520833333332, -34.96614583333333, -23.25, -28.28125, -20.338541666666668, -3.466145833333333, 0.0, 0.0, 0.0], "queues": [3.453125, 10.0, 7.40625, 7.109375, 4.3125, 1.09375, 0.0, 0.0, 0.0], "waits": [53.25, 199.796875, 132.09375, 162.578125, 117.71875, 19.703125, 0.0, 0.0, 0.0]}, "J2": {"rewards": [-5.807291666666667, -44.09895833333333, -76.58072916666667, -192.72916666666666, -41.45572916666667, -144.34895833333331, -15.684895833333332, -2.2838541666666665, -3.2666666666666666], "queues": [2.3125, 13.03125, 21.671875, 26.625, 13.21875, 19.921875, 1.75, 0.875, 0.7538461538461538], "waits": [32.53125, 251.5625, 437.8125, 1129.75, 235.515625, 846.171875, 92.359375, 12.828125, 18.846153846153847]}, "J5": {"rewards": [-26.08984375, -32.41796875, -101.7421875, -50.73828125, -90.1953125, -3.578125, -18.05859375, -6.54296875, 0.0], "queues": [5.59375, 6.59375, 16.09375, 10.703125, 12.671875, 1.03125, 3.9375, 0.890625, 0.0], "waits": [98.765625, 123.078125, 390.875, 192.25, 348.109375, 13.28125, 68.296875, 25.28125, 0.0]}, "J7": {"rewards": [-12.3203125, -55.67578125, -93.5390625, -111.44140625, -37.0390625, 0.0, 0.0, 0.0, 0.0], "queues": [3.03125, 10.4375, 15.984375, 17.078125, 5.03125, 0.0, 0.0, 0.0, 0.0], "waits": [46.25, 212.265625, 358.171875, 428.6875, 143.125, 0.0, 0.0, 0.0, 0.0]}}, "clearance_times": {"madrl": 549, "fixed_time": 577.0}}