{
  "J1": {
    "queue": {
      "mean": [
        0.7984601449239195,
        0.7984601449239195,
        0.7984601449239195,
        0.7984601449239195,
        0.7984601449239195,
        0.7984601449239195
      ],
      "var": [
        3.191718643332068,
        3.191718643332068,
        3.191718643332068,
        3.191718643332068,
        3.191718643332068,
        3.191718643332068
      ],
      "count": 2208.00000001
    },
    "wait": {
      "mean": [
        18.313722826004017,
        18.313722826004017,
        18.313722826004017,
        18.313722826004017,
        18.313722826004017,
        18.313722826004017
      ],
      "var": [
        4364.872390923049,
        4364.872390923049,
        4364.872390923049,
        4364.872390923049,
        4364.872390923049,
        4364.872390923049
      ],
      "count": 2208.00000001
    }
  },
  "J2": {
    "queue": {
      "mean": [
        1.069293478256027,
        1.069293478256027,
        1.069293478256027,
        1.069293478256027,
        1.069293478256027,
        1.069293478256027
      ],
      "var": [
        5.432245515304893,
        5.432245515304893,
        5.432245515304893,
        5.432245515304893,
        5.432245515304893,
        5.432245515304893
      ],
      "count": 2208.00000001
    },
    "wait": {
      "mean": [
        20.569587862225685,
        20.569587862225685,
        20.569587862225685,
        20.569587862225685,
        20.569587862225685,
        20.569587862225685
      ],
      "var": [
        5111.104366067972,
        5111.104366067972,
        5111.104366067972,
        5111.104366067972,
        5111.104366067972,
        5111.104366067972
      ],
      "count": 2208.00000001
    }
  },
  "J5": {
    "queue": {
      "mean": [
        0.4279891304328446,
        0.4279891304328446,
        0.4279891304328446,
        0.4279891304328446,
        0.4279891304328446,
        0.4279891304328446
      ],
      "var": [
        1.810031825965978,
        1.810031825965978,
        1.810031825965978,
        1.810031825965978,
        1.810031825965978,
        1.810031825965978
      ],
      "count": 2208.00000001
    },
    "wait": {
      "mean": [
        6.089062499972423,
        6.089062499972423,
        6.089062499972423,
        6.089062499972423,
        6.089062499972423,
        6.089062499972423
      ],
      "var": [
        937.0723588543381,
        937.0723588543381,
        937.0723588543381,
        937.0723588543381,
        937.0723588543381,
        937.0723588543381
      ],
      "count": 2208.00000001
    }
  },
  "J7": {
    "queue": {
      "mean": [
        0.5330615942004843,
        0.5330615942004843,
        0.5330615942004843,
        0.5330615942004843,
        0.5330615942004843,
        0.5330615942004843
      ],
      "var": [
        2.0958272208401607,
        2.0958272208401607,
        2.0958272208401607,
        2.0958272208401607,
        2.0958272208401607,
        2.0958272208401607
      ],
      "count": 2208.00000001
    },
    "wait": {
      "mean": [
        8.439990941990759,
        8.439990941990759,
        8.439990941990759,
        8.439990941990759,
        8.439990941990759,
        8.439990941990759
      ],
      "var": [
        1346.604698273131,
        1346.604698273131,
        1346.604698273131,
        1346.604698273131,
        1346.604698273131,
        1346.604698273131
      ],
      "count": 2208.00000001
    }
  }
}