{
  "J1": {
    "queue": {
      "mean": [
        0.7539682539383347,
        0.7539682539383347,
        0.7539682539383347,
        0.7539682539383347,
        0.7539682539383347,
        0.7539682539383347
      ],
      "var": [
        2.4632779037185855,
        2.4632779037185855,
        2.4632779037185855,
        2.4632779037185855,
        2.4632779037185855,
        2.4632779037185855
      ],
      "count": 252.00000001
    },
    "wait": {
      "mean": [
        14.880952380361867,
        14.880952380361867,
        14.880952380361867,
        14.880952380361867,
        14.880952380361867,
        14.880952380361867
      ],
      "var": [
        3907.7794783118075,
        3907.7794783118075,
        3907.7794783118075,
        3907.7794783118075,
        3907.7794783118075,
        3907.7794783118075
      ],
      "count": 252.00000001
    }
  },
  "J2": {
    "queue": {
      "mean": [
        0.9007936507579051,
        0.9007936507579051,
        0.9007936507579051,
        0.9007936507579051,
        0.9007936507579051,
        0.9007936507579051
      ],
      "var": [
        3.8433327033711215,
        3.8433327033711215,
        3.8433327033711215,
        3.8433327033711215,
        3.8433327033711215,
        3.8433327033711215
      ],
      "count": 252.00000001
    },
    "wait": {
      "mean": [
        17.19047618979403,
        17.19047618979403,
        17.19047618979403,
        17.19047618979403,
        17.19047618979403,
        17.19047618979403
      ],
      "var": [
        3208.408163149755,
        3208.408163149755,
        3208.408163149755,
        3208.408163149755,
        3208.408163149755,
        3208.408163149755
      ],
      "count": 252.00000001
    }
  },
  "J5": {
    "queue": {
      "mean": [
        0.5436507936292204,
        0.5436507936292204,
        0.5436507936292204,
        0.5436507936292204,
        0.5436507936292204,
        0.5436507936292204
      ],
      "var": [
        2.486189846261646,
        2.486189846261646,
        2.486189846261646,
        2.486189846261646,
        2.486189846261646,
        2.486189846261646
      ],
      "count": 252.00000001
    },
    "wait": {
      "mean": [
        7.7420634917562685,
        7.7420634917562685,
        7.7420634917562685,
        7.7420634917562685,
        7.7420634917562685,
        7.7420634917562685
      ],
      "var": [
        954.5644211033651,
        954.5644211033651,
        954.5644211033651,
        954.5644211033651,
        954.5644211033651,
        954.5644211033651
      ],
      "count": 252.00000001
    }
  },
  "J7": {
    "queue": {
      "mean": [
        0.5277777777568343,
        0.5277777777568343,
        0.5277777777568343,
        0.5277777777568343,
        0.5277777777568343,
        0.5277777777568343
      ],
      "var": [
        2.3444664902575254,
        2.3444664902575254,
        2.3444664902575254,
        2.3444664902575254,
        2.3444664902575254,
        2.3444664902575254
      ],
      "count": 252.00000001
    },
    "wait": {
      "mean": [
        8.531746031407467,
        8.531746031407467,
        8.531746031407467,
        8.531746031407467,
        8.531746031407467,
        8.531746031407467
      ],
      "var": [
        1523.6458175287592,
        1523.6458175287592,
        1523.6458175287592,
        1523.6458175287592,
        1523.6458175287592,
        1523.6458175287592
      ],
      "count": 252.00000001
    }
  }
}